user-email,subject-code,software-list,DateTime
user0@unimelb.edu.com,SUBJ1213,CAM Studio,2023-02-11 10:59:54
user1@unimelb.edu.com,SUBJ1619,"HEC-RAS, python3-photutils, Adobe After Effects",2023-01-25 10:59:54
user2@unimelb.edu.com,SUBJ1923,"Ableton Live Intro, gnuplot-mode, root, CylancePROTECT",2023-06-08 10:59:54
user3@unimelb.edu.com,SUBJ1032,ChemDraw,2023-02-17 10:59:54
user4@unimelb.edu.com,SUBJ8249,"Agisoft Metashape Professional, topsOrtho",2022-10-20 10:59:54
user5@unimelb.edu.com,SUBJ9081,"Comic Life, Microsoft Word, LabChart 8, Preview, SOLIDWORKS Electrical 2015 SP5",2023-02-24 10:59:54
user6@unimelb.edu.com,SUBJ7395,"ArcGIS CityEngine, MakerBot Print",2023-07-08 10:59:54
user7@unimelb.edu.com,SUBJ2829,"DVD Player, ANSYS Discovery, BiologicEditor",2023-07-14 10:59:54
user8@unimelb.edu.com,SUBJ2954,Windows Driver Package - mbed (mbedComposite) USB  (08/24/2009 1.0.0.0),2022-12-31 10:59:54
user9@unimelb.edu.com,SUBJ7814,"Aspen Energy Analyzer, Weather Converter for EnergyPlus / ESP(r)",2023-03-26 10:59:54
user10@unimelb.edu.com,SUBJ9841,"Avid Pro Tools, Navisworks",2023-07-26 10:59:54
user11@unimelb.edu.com,SUBJ2741,VPIphotonics Design Suite,2022-11-05 10:59:54
user12@unimelb.edu.com,SUBJ2975,"Storyboarder, 2Calculate",2023-07-21 10:59:54
user13@unimelb.edu.com,SUBJ6042,"MediaHuman Audio Converter, EViews 11",2023-05-31 10:59:54
user14@unimelb.edu.com,SUBJ4545,Fetch,2022-10-30 10:59:54
user15@unimelb.edu.com,SUBJ5757,"2Animate, VPIphotonics RSS News Aggregator",2023-05-06 10:59:54
user16@unimelb.edu.com,SUBJ3594,"TVPaint Animation 11 Pro, Avid Media Composer, RenderDoc, Blackmagic DaVinci Resolve",2022-10-27 10:59:54
user17@unimelb.edu.com,SUBJ5123,"PyMOL, ANSYS Electromagnetics Suite  2020 R2, Scenarist",2023-06-26 10:59:54
user18@unimelb.edu.com,SUBJ1848,"VI Package Manager Runtime Enginer, Aspen Properties V9, Zone Budget",2023-01-31 10:59:54
user19@unimelb.edu.com,SUBJ3130,"ABB RobotStudio, GIMP, Redcine X Pro, BiologicEditor",2022-12-07 10:59:54
user20@unimelb.edu.com,SUBJ6119,"Microsoft Excel, MediaHuman Audio Converter",2023-06-05 10:59:54
user21@unimelb.edu.com,SUBJ2973,"Avid Sibelius, Adobe Reader, Anaconda",2023-03-12 10:59:54
user22@unimelb.edu.com,SUBJ7555,"Notepad++, LabChart Reader, Pro Tools",2023-01-26 10:59:54
user23@unimelb.edu.com,SUBJ8449,"Boot Runner, TVPaint Animation 11 Pro",2023-02-17 10:59:54
user24@unimelb.edu.com,SUBJ4944,"Scenarist, Stata SE, iPerf3, Motion",2023-01-01 10:59:54
user25@unimelb.edu.com,SUBJ7834,"Snaff, Circuitscape 4.0.5, Steam, Ortelia Curator",2023-01-06 10:59:54
user26@unimelb.edu.com,SUBJ5509,Biopac AcqKnowledge,2023-02-05 10:59:54
user27@unimelb.edu.com,SUBJ8917,"FileMaker Pro, Dilutions Tutorial, Avid Sibelius, VitalSource Bookshelf, Adobe Flash",2022-10-07 10:59:54
user28@unimelb.edu.com,SUBJ5610,"Autodesk Inventor, GarageBand, Gravity and Orbits",2023-09-05 10:59:54
user29@unimelb.edu.com,SUBJ9075,Live,2023-01-15 10:59:54
user30@unimelb.edu.com,SUBJ9434,Radiance,2023-05-23 10:59:54
user31@unimelb.edu.com,SUBJ5812,"Adobe InCopy, GAUSS 17 (64-bit), Mixcraft 5, OBS Studio, python3",2023-04-04 10:59:54
user32@unimelb.edu.com,SUBJ7816,"ProScope HR, Adobe InCopy, GAUSS 17 (64-bit), Boot Runner",2022-11-29 10:59:54
user33@unimelb.edu.com,SUBJ7041,"Igor Pro, WebMO, ENVI LiDAR, MLwiN 2.24, Snaff",2023-05-22 10:59:54
user34@unimelb.edu.com,SUBJ5563,"Sigil, SketchUp, Artemis, GIMP",2022-12-02 10:59:54
user35@unimelb.edu.com,SUBJ2229,Stata,2022-12-05 10:59:54
user36@unimelb.edu.com,SUBJ4688,"LabChart Reader, Blackmagic DaVinci Resolve, iraf-noao, Final Cut Pro",2023-03-11 10:59:54
user37@unimelb.edu.com,SUBJ5760,"ZBrush, Agisoft Metashape Professional, Java(TM) Platform SE binary",2022-11-20 10:59:54
user38@unimelb.edu.com,SUBJ9928,balenaEtcher 1.5.116,2022-11-29 10:59:54
user39@unimelb.edu.com,SUBJ7050,Anaconda,2023-03-08 10:59:54
user40@unimelb.edu.com,SUBJ6185,"pygame, Aspen Properties V9, Adobe Lightroom, jModelTest, 2Connect",2023-05-09 10:59:54
user41@unimelb.edu.com,SUBJ5371,"jModelTest, Final Cut Pro, 2Simple Music Toolkit 1.0.90",2022-12-27 10:59:54
user42@unimelb.edu.com,SUBJ7934,"NVivo, sextractor, r-base, Processing",2023-04-23 10:59:54
user43@unimelb.edu.com,SUBJ3812,"BBEdit, root, pygame, saoimage-ds9 (saods9)",2023-03-14 10:59:54
user44@unimelb.edu.com,SUBJ5621,MATLAB,2023-06-22 10:59:54
user45@unimelb.edu.com,SUBJ5141,"IrfanView 64-bit, Unity, Mesquite, Stellarium, rstudio",2023-02-23 10:59:54
user46@unimelb.edu.com,SUBJ2951,"Agilent N5980A, Adobe Media Encoder, Dassault Systemes Software VC11 Prerequisites x86-x64",2022-10-23 10:59:54
user47@unimelb.edu.com,SUBJ2485,"Duik Bassel, MATLAB",2022-10-13 10:59:54
user48@unimelb.edu.com,SUBJ5175,PUTM,2023-02-22 10:59:54
user49@unimelb.edu.com,SUBJ1147,7-Zip File Manager,2023-04-21 10:59:54
user50@unimelb.edu.com,SUBJ1531,"ApE, Digilent WaveForms Application, Dassault Systemes SIMULIA Isight 2020, GeoStudio 2007, Avid Sibelius",2023-05-07 10:59:54
user51@unimelb.edu.com,SUBJ6314,"Alice 3, NetLogo, texlive-base , Spike Recorder",2023-02-26 10:59:54
user52@unimelb.edu.com,SUBJ6591,"Corona Renderer for 3ds Max, Mercury, Sibelius, DaVinci Resolve",2023-07-19 10:59:54
user53@unimelb.edu.com,SUBJ9918,"libreoffice-gnome, SolidWorks, SimLED",2023-05-18 10:59:54
user54@unimelb.edu.com,SUBJ5809,"astroconda2, rstudio, LogiPresentation, MySQL Workbench, RODE SoundField",2023-03-17 10:59:54
user55@unimelb.edu.com,SUBJ8334,"HandBrake, SOLIDWORKS Electrical 2015 SP5, Biopac BSL, swipl-win.exe, iraf-sptable",2023-02-26 10:59:54
user56@unimelb.edu.com,SUBJ9797,"Slack, GarageBand",2023-09-19 10:59:54
user57@unimelb.edu.com,SUBJ1180,"Mobirise, SAS 9.4 for Windows",2023-09-13 10:59:54
user58@unimelb.edu.com,SUBJ7727,"Cinema 4D, NI ELVISmx, Stellarium",2023-02-20 10:59:54
user59@unimelb.edu.com,SUBJ7750,"VPIplayer, ArcGlobe",2023-01-25 10:59:54
user60@unimelb.edu.com,SUBJ7837,Atmel Studio 6.2,2022-10-14 10:59:54
user61@unimelb.edu.com,SUBJ8222,"XMind.exe, iMovie, Adobe Dreamweaver, CostX.exe",2023-05-22 10:59:54
user62@unimelb.edu.com,SUBJ6248,"Praat, Blender, Activity Monitor, Materialise Mimics inPrint 3.0, Allegorithmic Substance Painter",2022-11-11 10:59:54
user63@unimelb.edu.com,SUBJ1967,"Steam, Stata SE, Shows SAP GUI SapSettings Dialog, Dassault Systemes CloudView 3DEXPERIENCE R2020x",2023-07-06 10:59:54
user64@unimelb.edu.com,SUBJ6117,Visual Studio,2023-02-11 10:59:54
user65@unimelb.edu.com,SUBJ9854,"ANSYS Discovery, Spike Recorder, Artemis, ImageJ",2022-12-24 10:59:54
user66@unimelb.edu.com,SUBJ6643,Notepad++,2023-03-07 10:59:54
user67@unimelb.edu.com,SUBJ9218,"Adobe Digital Editions, Dassault Systemes SIMULIA Isight 2020, Autodesk Inventor, Sibelius",2022-11-24 10:59:54
user68@unimelb.edu.com,SUBJ2779,"Allegorithmic Substance Painter, Inteleviewer, GAUSS 17 (64-bit), COMSOL Multiphysics, SPSS Statistics",2023-04-25 10:59:54
user69@unimelb.edu.com,SUBJ5488,Atom,2023-01-27 10:59:54
user70@unimelb.edu.com,SUBJ7543,Dassault Systemes CloudView 3DEXPERIENCE R2020x,2023-09-06 10:59:54
user71@unimelb.edu.com,SUBJ7716,Prism,2022-12-03 10:59:54
user72@unimelb.edu.com,SUBJ3050,rstudio,2023-07-17 10:59:54
user73@unimelb.edu.com,SUBJ8079,"Vimeo, BBEdit, GeoStudio 2007, PAUP*, QuickTime Player",2023-08-09 10:59:54
user74@unimelb.edu.com,SUBJ5387,Ableton Live Suite,2022-12-16 10:59:54
user75@unimelb.edu.com,SUBJ1737,"Blackmagic DaVinci Resolve, WoPeD, coDiagnostiX",2023-06-27 10:59:54
user76@unimelb.edu.com,SUBJ9395,"COMSOL Multiphysics, cernlib, Microsoft OneNote, Adobe Character Animator, Quartus II",2023-02-13 10:59:54
user77@unimelb.edu.com,SUBJ2494,Autodesk Revit,2022-12-24 10:59:54
user78@unimelb.edu.com,SUBJ3279,"ZBrush Executable, PAUP*, Prism",2022-11-29 10:59:54
user79@unimelb.edu.com,SUBJ1763,Logic Pro X,2022-12-11 10:59:54
user80@unimelb.edu.com,SUBJ9401,"TeXworks, 2Simple 2Do It Yourself, Vulkan Run Time Libraries, python3-photutils",2023-06-13 10:59:54
user81@unimelb.edu.com,SUBJ1987,"Atmel Studio 6.2, iTunes, Vim 8.2, ReCapPhoto.exe, Eclipse",2023-01-25 10:59:54
user82@unimelb.edu.com,SUBJ8488,"Allegorithmic Substance Painter, BiologicEditor",2023-01-21 10:59:54
user83@unimelb.edu.com,SUBJ5060,"RETScreen Expert, VI Package Manager Runtime Enginer",2023-02-16 10:59:54
user84@unimelb.edu.com,SUBJ8847,2Simple 2Create,2023-06-15 10:59:54
user85@unimelb.edu.com,SUBJ1734,"K-Lite Codec Pack, RealityCapture, ELAN",2023-06-17 10:59:54
user86@unimelb.edu.com,SUBJ3211,"swipl-win.exe, Minitab, 2Simple 2Do It Yourself, G*Power",2023-04-29 10:59:54
user87@unimelb.edu.com,SUBJ1408,FileZilla,2022-12-08 10:59:54
user88@unimelb.edu.com,SUBJ7628,"Visual Studio, Microchip Studio",2023-07-19 10:59:54
user89@unimelb.edu.com,SUBJ6322,Corona Renderer for 3ds Max,2022-12-14 10:59:54
user90@unimelb.edu.com,SUBJ7111,"ArcScene, UCSF Chimera, Dassault Systemes CloudView 3DEXPERIENCE R2020x, python3-ccdproc, Mobirise",2023-03-08 10:59:54
user91@unimelb.edu.com,SUBJ8677,QuickTime Player,2023-01-20 10:59:54
user92@unimelb.edu.com,SUBJ8784,"2Simple 2Publish+, ANSYS Electromagnetics Remote Simulation Manager, PASCO scientific Capstone application, CrossCore® Embedded Studio v2.9.4, Wireshark",2023-04-30 10:59:54
user93@unimelb.edu.com,SUBJ2138,"2Animate, PuTTY, EoGTest, HandBrake, Ortelia Curator",2023-09-15 10:59:54
user94@unimelb.edu.com,SUBJ4763,"NI SignalExpress, Weather Converter for EnergyPlus / ESP(r), IMOD",2022-10-14 10:59:54
user95@unimelb.edu.com,SUBJ3842,"NetLogo 3D 6.0.1, iMovie, ImageJ",2023-03-21 10:59:54
user96@unimelb.edu.com,SUBJ2685,ARGUS Developer,2023-09-14 10:59:54
user97@unimelb.edu.com,SUBJ5476,"Blender, Geogebra",2023-08-28 10:59:54
user98@unimelb.edu.com,SUBJ1770,"Windows Driver Package - mbed (mbedSerial_x64) Ports  (08/24/2009 2.0.2.0), 2Simple 2Create A Story, Compressor",2023-03-23 10:59:54
user99@unimelb.edu.com,SUBJ8370,Figtree,2022-10-29 10:59:54
